,날짜,시대,제목,내용,링크,요약,인물,카테고리
0,1269년 07월 23일 (음),고려사,"[음] 귀국하던 세자가 임연의 모반 소식을 듣고 몽고로 돌아감
고려사","정묘 세자가 연경(燕京)에서 돌아오는 길에 파사부(婆娑府: 중국 요녕성 의주(懿州) 구련성(九連城)에 도착하였다. 정주(靜州)의 관노(官奴) 정오부(丁伍孚)가 몰래 강을 건너가서 임연(林衍)이 국왕을 폐립(廢立)한 사실을 알렸다. 세자가 이 소식을 듣고 의심하였으나 정오부가 말하기를, “고주사(告奏使) 곽여필(郭汝弼)이 영주(靈州)에 있으니 사람을 시켜 만나보게 하십시오.”라고 하였다. 세자가 함께 왔던 몽고 사신 7인을 보내 곽여필을 영주에서 붙잡고, 또 방호역어(防護譯語) 정비(鄭庇)를 붙잡아서 그것이 사실이라는 것을 알게 되자 통곡하며 몽고로 되돌아갔다.",http://db.history.go.kr/id/kr_026r_0060_0070_0070,"연경에서 돌아오던 정묘 세자는 파사부에서 정오부로부터 임연의 국왕 폐립 소식을 듣고, 곽여필과 정비를 붙잡아 사실임을 확인한 뒤 통곡하며 몽고로 되돌아갔다.",정오부 (丁伍孚),정치
1,1437년 명 정통(正統) 2년,조선왕조실록,"[음] 각 도에 《농사직설》의 경작법을 권장함
조선왕조실록","각도 감사에게 전지하기를,""먹는 것은 백성에게 으뜸이 되고 농사는 정치의 근본인 까닭으로, 수령들의 백성에게 가까이 하는 직책은 권농(勸農)보다 중한 것이 없다. 만약에 수재·한재나 충재(蟲災)·황재(蝗災)같은 재변은 하늘의 운수에서 나오는 것이니 어찌할 수가 없으나, 그 사람의 힘으로 할 수 있는 일이라면 의당 마음을 다 써야 할 것이다. 그러나 우리 나라 백성들은 조심성이 항상 있지 않아 농사일에 정신을 쓰지 않아서 조금도 근본에 힘쓰는 마음이 없다. 그러므로 지난 기유년에 여러 가지 책을 수집하여 《농사직설(農事直說)》을 만들어 각도에 반포하여, 어리석는 백성이라도 역시 명백하게 쉽게 알도록 하였다. 다만 권과(勸課)하는 데 마음을 덜 써서 책은 비록 반포하였으나 그 실효를 보지 못하였다. 이제 또 약간의 책을 박아서 여러 도에 더 보내니, 경들은 나의 지극한 뜻을 몸받아서 즉시 각 고을의 수령들에게 반포하여, 농민을 깨우치고 가르쳐 책에 의거해 시험해 보여서 풍속을 이루도록 하라. 만약에 어리석은 백성으로서 자력이 부족한 자나 제 스스로 하기를 원하지 않는 자는 반드시 강제로 시킬 것이 아니라, 적당하게 권과하기를 시종 게을리 하지 말아서 점차로 흥행하도록 하라.""하였다. 또 전지하기를,""옛부터 충재와 황재의 해는 중국에 많이 있었으며 우리 나라에는 드물게 들었는데, 근년 이래로 각도에서 황충이 자주 있어서 내가 심히 염려한다. 대저 재변은 하늘의 운수에 있고 사람의 힘으로 능히 구할 수 없으나, 사람의 힘이 미치는 데까지는 애써 심력을 다해야 할 것이다. 여러 농사 책을 상고해 보니, 《농상집요(農桑輯要)》와 《사시찬요(四時纂要)》 등의 책과 범승(氾勝)의 《오곡종자피자방법(五穀種子辟虸蚄法)》에 말하기를, ‘말을 끌어다가 곡식 더미에 나아가게 하고 몇 입[口] 먹이고서, 말이 먹다 남은 것으로 종자를 하면 며루 등 벌레가 없어진다.’ 하였고, 또는, ‘씨앗이 상하거나 습하거나 조밀하게 익으면 벌레가 생긴다.’ 하였고, 또는, ‘박토(薄土)로서 분전(糞田)할 수 없는 데는 해묵은 누에의 똥으로 볍씨에 섞어서 심게 되면, 벼에 벌레가 없어진다.’ 하였고, 또, ‘말 뼈다귀를 거두어 1석을 썰고 물 3석을 타서 세 번이나 끓여 건데기를 걸러 내고, 남는 찌꺼기 물에 부자(附子) 5개를 담구었다가 3, 4일 만에 부자는 버린다. 그 물에 누에 똥과 염소 똥을 각각 등분이 있게 타고 여러 번 차근차근히 휘저어서 마치 뻑뻑한 죽과 같이 만든다. 씨앗을 심기 30일 앞서 종자에 반죽하기를 마치 보리밥 모양 같이 한다. 날이 건조할 때에 반죽한 것을 말리되, 엷게 펴서 자주 흔들어서 말린다. 이튿날 또 반죽하는데, 흐린 날이나 비가 올 때에는 반죽하지 아니한다. 6, 7차례를 반죽하여서 그만둔다. 바싹 말리어서 잘 갈무리하여 다시 습기 차게 하지 아니한다. 심을 때에 남아 있던 물에 반죽해서 심게 되면, 볏곡이 충재나 황재를 입지 않는다. 말 뼈다귀를 구하지 못할 때에는 역시 눈 녹은 물[雪汁]을 쓸 수도 있다. 눈 녹은 물은 오곡의 정기로서 농작물로 하여금 추위를 견디게 한다.’ 하였다. 농서에 이렇게 말한 것을, 지금부터 각 고을의 수령으로 하여금 간절히 백성들에게 깨우쳐서 방법대로 시험하게 할 것이다. 만약에 어리석고 졸렬한 사람이 자력(資力)이 부족하였다면, 부자와 해묵은 누에똥 같은 물건은 비록 옛글에서는 말하였지만, 실상 이것은 민간에서 얻기 어려운 물건일 것이다. 만약에 강제로 하게 한다면 이것도 역시 폐단이 있을 것이니, 그 하기를 원하지 않는 자는 역시 강제로 하게 하지 말고 적당하게 권과해서 점차적으로 흥행하도록 하라.""하였다.",http://sillok.history.go.kr/id/kda_11907023_002,"왕은 각도 감사에게 농업이 백성의 으뜸이자 정치의 근본임을 강조하며, 농사직설 및 추가 농서 보급을 통해 백성이 농사일에 힘쓰고 새로운 해충 방제법을 시험하도록 간절히 권장하되, 자력 부족이나 비자발적인 경우에도 강제가 아닌 점진적인 권과를 통해 농업 진흥을 도모하라 명하였다.",세종,과학
2,1442년 명 정통(正統) 7년,조선왕조실록,"[음] 행수법(行守法)을 실시함
조선왕조실록","김일기(金一起)로 행 동첨지돈녕부사(行同僉知敦寧府事)를, 김의지(金義之)로 행 판사복시사(行判司僕寺事)를, 유지(庾智)로 수 사간원 좌헌납(守司諫院左獻納)을, 윤사윤(尹士昀)으로 수 사간원 우헌납(守司諫院右獻納)을 삼았다. 행직(行職)·수직(守職)의 법을 처음으로 사용하였다.",http://sillok.history.go.kr/id/kda_12407023_002,"김일기, 김의지, 유지, 윤사윤에게 각각 행직(行職)과 수직(守職)으로 관직을 부여하며 이 제도가 처음으로 시행되었다.",유지,정치
3,1448년 명 정통(正統) 13년,조선왕조실록,"[음] 성균관 유생들이 내불당 건립에 반대하여 동맹 휴학함
조선왕조실록","사부 학당(四部學堂)의 학관(學官)이 와서 승정원(承政院)에 고하기를,""생도들이 불당을 파하기를 청하다가 뜻을 얻지 못하므로 모두 학업을 파하고 흩어져 갔습니다.""하였고, 조금 뒤에 성균 정록(成均正錄)이 또 와서 고하기를,""관생(館生)들이 모두 선성(先聖)을 배알하고 파하여 가면서 방(榜)을 걸기를, ‘이단은 바야흐로 성하고 오도(吾道)는 장차 쇠하니, 형식에 구속되어 있을 수 없어서 선성께 예하고서 하직하고 나간다.’ 하였습니다.""하였고, 정록(正錄)이 그 방문(榜文)까지 가지고 와서 바치니, 도승지(都承旨) 이사철(李思哲)이 이것을 가지고 아뢰었다.",http://sillok.history.go.kr/id/kda_13007023_007,"사부 학당과 성균관의 학관 및 정록이 승정원에 와서 각각 불당 혁파 요구 좌절과 이단 득세 및 오도 쇠락을 이유로 생도들이 학업을 중단하고 흩어졌음을 보고하고, 정록이 성균관생들의 방문(榜文)까지 제출하여 도승지가 이를 아뢰었다.",이사철 (李思哲),문화
4,1463년 명 천순(天順) 7년,조선왕조실록,"[윤] 일본 원교직의 사자 영채가 흰옷을 입은 관음보살을 그려 바침
조선왕조실록","원교직(源敎直)의 사자(使者) 영채(靈彩)가 흰 옷을 입은 관음 보살(觀音菩薩)을 그려서 바치니, 전지(傳旨)하기를,""세자(世子)의 서연(書筵)에는 문종조(文宗朝)의 고사(故事)에 의거하여, 빈객(賓客)이 진강(進講)하는 날에는 대간(臺諫)도 들어가 참여하게 하라.""하였다.",http://sillok.history.go.kr/id/kga_10907123_001,"영채가 흰 옷 입은 관음보살 그림을 바친 것을 계기로, 문종조의 고사에 따라 세자 서연에서 빈객이 진강할 때 대간도 참여하게 하라는 전지가 내려졌다.",왕(王),문화
5,1490년 명 홍치(弘治) 3년,조선왕조실록,"[음] 경상도에 비 피해 발생. 사망자 19명 등 집계
조선왕조실록","경상도 관찰사(慶尙道觀察使) 정괄(鄭佸)이 치계(馳啓)하기를,""도내(道內)에 지난 6월에 큰 비가 이틀 동안 내렸는데, 김해부(金海府)에 산이 무너져 압사(壓死)한 자가 여섯 사람이고 익사(溺死)한 자가 한 사람이며 집이 뜨고 침몰한 것이 열 한 채이며, 웅천현(熊川縣)에는 산이 무너져 압사한 자가 네 사람, 익사자가 여덟 사람입니다.""하였다.",http://sillok.history.go.kr/id/kia_12107023_003,경상도 관찰사 정괄이 지난 6월 이틀간 내린 큰 비로 김해부와 웅천현에서 산사태 및 익사 등으로 총 19명의 인명 피해와 11채의 가옥 침수 및 유실 피해가 발생했다고 보고했다.,정괄(鄭佸),사회
6,1496년 명 홍치(弘治) 9년,조선왕조실록,"[음] 귀화 여진인 동청례 등을 보내 건주 여진을 회유함
조선왕조실록","병조 판서 성준 등이 아뢰기를,""평안도 변방 일에 대하여는 신들의 의논을 옳다고 하시니, 신들의 생각으로는 향화부장(向化部將) 동청례(童淸禮)의 일가 친척이 건주위에 많이 살고, 겸사복(兼司僕) 이산옥이 신실(信實)하여 보낼 만한 사람입니다. 이 두 사람을 보내소서. 또 선유(宣諭)하시는 뜻은 비록 감사에게 글을 보낼 것이나, 글로써는 뜻을 다할 수 없으니, 조정 신하 중에 사리를 잘 아는 사람을 보내어 감사와 더불어 같이 의존하여 위원에 이르러 김주성가(金主成可)를 불러서 선유(宣諭)하는 것이 마땅합니다.""하니, ‘그리 하라.’고 전교하였다.",http://sillok.history.go.kr/id/kja_10207023_001,"병조 판서 성준 등이 평안도 변방 일 처리를 위해 향화부장 동청례와 겸사복 이산옥을 보내고, 추가로 사리에 밝은 조정 신하를 감사와 함께 위원에 파견하여 김주성가를 선유하도록 건의하여 왕의 윤허를 받았다.",동청례,정치
7,1498년 명 홍치(弘治) 11년,조선왕조실록,"[음] 김종직의 문집 《점필재집》을 불태움
조선왕조실록",김종직의 저술한 《점필재집(佔畢齋集)》을 내려다가 명하여 불사르게 하였다.,http://sillok.history.go.kr/id/kja_10407023_001,김종직의 저서 《점필재집》이 불태워졌다.,김종직,정치
8,1589년 명 만력(萬曆) 17년,조선왕조실록,"[음] 유구국 상인이 진도에 표류하여 오자 명나라에 호송해 보냄
조선왕조실록","유구국(琉球國)의 상인(商人) 30여 명이 진도(珍島)에 표류해 왔으므로 다시 중국으로 호송하였는데, 동지사 편에 딸려 보냈다.",http://sillok.history.go.kr/id/kna_12207023_002,진도에 표류한 유구국 상인 30여 명을 동지사 편에 중국으로 돌려보냈다.,이 글의 핵심은 **유구국 상인(琉球國 商人)**들입니다. 그들의 표류와 송환이 주된 내용이기 때문입니다.,정치
9,1604년 명 만력(萬曆) 32년,조선왕조실록,"[음] 명나라 장수 양호(楊鎬)를 선무사(宣武詞)에 배향함
조선왕조실록","비변사가 아뢰기를,""비망기를 보건대, 양 경리(楊經理)를 선무사(宣武詞)에 배향(配享)하려 하시니, 성려(聖慮)의 미치신 바가 여정(輿情)에 부합됩니다. 정유년에 적병이 물밀듯이 밀려와 기세를 떨칠 때 양 경리가 평양에서 와 구원하기로 결의(決意)하자, 휘하의 장관(將官)들은 다 안 된다고 하였으나 양 경리는 듣지 않고 길을 곱잡아 진군하여 웅거해 지키면서 지휘하였으므로 인심이 그 덕분에 점차 안정되었으니, 경성을 보전하고 흉봉(兇鋒)을 물리친 것은 모두가 다 양 경리의 힘이었습니다. 도산(島山) 싸움에서는 몸소 시석(矢石)을 무릅쓰고 분격하여 먼저 앞장서서 올라갔었습니다. 불행히 후퇴한 뒤에도 군량을 독촉하여 운송하였고 장사(將士)를 독려하며 밤낮으로 경영하여 네 길로 진군시킬 계책을 세웠으므로 마침내 적의 무리가 죄다 달아나고 강역이 재조(再造)되었습니다. 이 점으로 말하면 참소당하여 직임에서 물러나 공(功)을 다 이루지는 못하였으나, 우리 나라에 덕이 있는 것은 진실로 형 군문(邢軍門)보다 덜하지 않습니다. 선무사를 세울 때에 그 당시 소중하게 여긴 것이 오로지 군문(軍門)의 공적을 찬양하는 데 있었으므로 양 경리도 아울러 참여하도록 의의(擬議)하지 못하여 은혜와 공에 보답하는 전례(典禮)가 아직도 거행되지 않고 있었습니다. 그런데 이제 성교(聖敎)를 받드니 뭇사람들의 의논이 모두들 흡족해 합니다. 다만 어떤 사람은 ‘배향하는 것은 걸맞지 않으니 병향(竝享)하는 것이 마땅하다.’고 하는데 이는 신들이 감히 재정(裁定)할 수 없습니다. 해조(該曹)로 하여금 다시 헤아려 여쭈어서 거행하게 하고 화상(畫像)은 동지사(冬至使)로 하여금 구득하여 오게 하는 것이 마땅하겠습니다. 감히 아룁니다.""하니, 윤허한다고 전교하였다.",http://sillok.history.go.kr/id/kna_13707023_003,"왕이 양 경리를 선무사에 배향하려는 뜻을 비치자 비변사가 정유년 왜란 당시 적을 물리치고 국토를 수복하는 데 그의 공헌이 지대하여 성상의 뜻에 부합한다고 아뢰면서도, 구체적인 배향 방식은 해당 조에서 재논의하고 화상을 구득할 것을 건의하였고, 왕이 이를 윤허하였다.",양 경리,정치
10,1605년 명 만력(萬曆) 33년,조선왕조실록,"[음] 강원도·경상도 지역에 심각한 홍수 피해 발생
조선왕조실록","강원도 영서(嶺西)의 영월(寧越)·정선(旌善)·춘천(春川)·평창(平昌)·인제(麟蹄)·원주(原州)·횡성(橫城) 등 고을에 이번 7월 17일부터 동풍(東風)이 매일같이 크게 불더니, 바다의 갈매기떼가 까맣게 날아왔는데, 보기에 매우 놀랍고 괴이하였다. 20일 밤에는 비가 억수같이 내리더니 갑자기 큰 홍수가 져 객사와 관청, 군기(軍器)·창곡(倉穀)을 휩쓸어 버렸고, 크게는 사찰과 작게는 촌락이 물이 지나친 곳은 모조리 쓸려나갔으며 우마(牛馬)와 가재 도구도 남김없이 모두 익사하거나 떠내려 갔다. 춘천은 소양정(昭陽亭) 누각이 부서지고 인물(人物)과 여사(廬舍)가 모두 매몰되었으며, 백곡이 손상되고 사석(沙石)이 뒤덮였다. 높은 곳에 올라 바라보면 통곡하는 소리가 사방에서 들리고, 떠내려 가는 지붕 위에서는 닭이 울고 개가 짖어대며, 칼을 쓴 죄인이 물에 떠내려 오기도 하였다. 영월은 인가가 3백 39채나 떠내려 갔다.영동(嶺東)은 강릉부(江陵府) 5리 밖에 남대천(南大川)이라는 내가 있어, 전에 물이 넘치는 것을 막기 위해 냇가에 나무를 심고 제방을 튼튼히 쌓았는데, 본부(本府)가 설립된 이후 남문(南門) 밖에서 관노비(官奴婢) 1백여 호와 기타 백성들의 사노비(私奴婢)가 많이 살고 있었다. 갑자기 큰물이 덮쳐 내를 막은 수구(水口)를 파괴하고 굉음을 내며 천지를 삼킬 듯이 밀어 닥치니 1백여 호의 관노비들은 어찌할 바를 모르고 지붕이나 나무 위로 올라갔는데, 나무가 뽑히고 집이 부서지니 일시에 떠내려가 처자와 형제 등 일가족이 줄줄이 비끄러맨 채 죽기도 하였다. 울부짖는 소리가 천지에 진동하여 차마 듣고 보지 못할 지경이었는데, 부사(府使) 김홍미(金弘微)는 직접 남성(南城)에 가서 크게 통곡만 하고 있을 뿐이었다. 전답은 천여 석 지기가 모래에 뒤덮였고, 가옥은 크고 작은 것을 가릴 것 없이 모두 침수되어 사람들이 의지할 곳이 없었다. 대관령(大關嶺)에서 해변에 이르기까지 기름진 넓은 벌판에는 까마득히 백사(白沙)만 보일 뿐이고 익사한 우마가 부지기수였다.인제는 1백 2채가 떠내려 갔으니 수재가 영서 지방에서 더욱 참혹했다. 관사·공해·향교·창고가 모두 떠내려 갔고, 관아에서 5리 거리에 있는 수백 년 된 소나무가 부러지고 뿌리채 뽑혀 모두 떠내려 갔고, 허다한 전답은 백사장과 연못이 되었다. 양양(襄陽)은 부내(府內)의 백여호의 대소 인가가 재산과 가축이 일시에 물에 잠기고 사람들이 물에 빠져 죽었다. 부모와 자녀, 또는 부부 형제 온 가족이 물에 빠지거나 산 사태에 압사하여 여염 거리에는 통곡하는 소리가 하늘을 찌르고 해변에는 시체가 즐비하게 쌓였다. 고원(高原)은 표몰된 인가가 1백 7채이고, 우마(牛馬)와 여러 가축들이 대부분 익사했다. 금성(金城)·간성(杆城)·평강(平康)·홍천(洪川)·양구(楊口)·철원(鐵原)도 수재가 참혹했다.경상도 안동부(安東府)는 이달 20일 강물이 크게 범람해서 끝없이 아득한 물바다를 이루더니 부성(府城)에 밀려 들어와 남문의 객사와 대청·관사가 모두 침몰되었다. 동남쪽 근교에 거주하는 관인(官人)과 백성들의 가옥이 모두 산산이 부서져 떠내려 갔는데, 가재 도구를 전혀 건져내지 못하여 비로 쓴 듯이 되었고 삼면의 자성(子城)도 붕괴되었다. 영호루(映湖樓)는 흔적도 없이 떠내려갔고, 여강 서원(廬江書院)도 완전히 떠내려 갔으며, 대가 세족(大家世族)의 백 년된 가옥들이 남김없이 떠내려 갔으니, 이번 수재는 개벽한 이래 처음 있는 일이다. 경주는 부내가 큰 바다로 변하여 민가가 완전히 침수되었고, 선산(善山)은 들이 온통 물바다로 변했으며 인동(仁同)·영산(靈山)·군위(軍威)·창원(昌原)·예천(醴泉)·영일(迎日)·의흥(義興)·용궁(龍宮)·고령(高靈)·상주(尙州) 등도 첩보한 내용이 한결같았다. 예안(禮安)·안동(安東)·영산·초계(草溪)·의령(宜寧)·김해(金海)·창원(昌原)·함안(咸安) 등은 피해가 더욱 참혹하였다. 강변의 공해(公廨)와 민가는 부서져서 강을 뒤덮고 떠내려가고 둥둥 떠다니는 시체가 부지기수였으며 통곡하는 소리가 하늘까지 닿았다.옛날 홍수가 난 상황을 표현할 때 산을 덮고 언덕을 넘쳤다고 하거나, 육지가 잠기고 산이 파묻혔다고 하였으나, 이처럼 형언할 수 없었던 적은 없었을 것이니, 잔파된 상황이 임진년 적화(賊火)에 분탕질당했을 때보다도 더 심했다.",http://sillok.history.go.kr/id/kna_13807023_003,"1599년 7월 17일부터 동풍이 불고 20일 억수 같은 비가 내린 뒤 강원도 영서와 영동, 그리고 경상도 일대에 걸쳐 전례 없는 대홍수가 발생하여 수많은 인명과 가축이 희생되고 가옥, 관청, 사찰, 창고, 전답 등 모든 것이 유실되거나 파괴되었으며, 그 피해가 임진왜란 때보다도 심각하다고 기록될 정도로 참혹했다.",김홍미,사회
11,1614년 명 만력(萬曆) 42년,조선왕조실록,"[음] 서쪽 변방에 대비하여 대포를 주조하기로 함
조선왕조실록","병조가 아뢰기를,""일에는 완급(緩急)과 경중(輕重)이 있는 법이니, 당연히 급하고 중한 일을 먼저 하고 급하지 않고 중하지 않은 일은 나중에 해야 됩니다. 서방의 적이 마치 새매가 공격하기 전에 날개를 접고 있는 형세와 같이 맹위를 떨치고 있어 미리 대응책을 준비하는 것이 무엇보다도 긴급하고 중대하므로 지금 국청(局廳)을 설치하여 대포를 주조하려고 합니다. 각사(各司)의 수리는 이 일에 비하여 긴급하거나 중대하지 않은 것이 하늘과 땅의 차이뿐만이 아닌데, 상급 관아에서는 신중하게 요량하지 않고 재촉과 독려가 날이 갈수록 더합니다. 가령 변경에 급변이일어났다는 소식이 닥치면 좋은 아문(衙門)이 있더라도 어찌 편안히 지낼 수 있겠습니까. 4, 5개월 동안 대포를 주조하는 사이에 각처의 긴급하지 않은 역사를 우선 정지시키소서.""하니, 전교하기를,""윤허한다. 정지시킬 곳을 써서 아뢰라.""하였다.",http://sillok.history.go.kr/id/kob_10607023_001,"병조가 서방 적의 위협에 대비한 대포 주조의 긴급성을 강조하며, 그 기간 동안 각처의 비긴급 역사를 정지시켜 달라고 아뢰자 왕이 윤허했다.",병조,과학
12,1630년 명 숭정(崇禎) 3년,조선왕조실록,"[음] 서정군을 없앰
조선왕조실록","서정군(西征軍)을 파하였다. 비국이 아뢰기를,""서정군이 오래도록 해상(海上)에 머물러 있으면서 유흥치(劉興治)가 나오기를 기다리고 있고 또 왕덕공(王德功)의 분명한 소식을 기다리고 있었습니다. 지금 듣건대 유흥치가 여순(旅順)에서 구류당해 있고 왕덕공은 돌아올 기약이 없는 데다가 사졸들이 지쳐 병든 것이 이미 극도에 이르렀고 앞으로 군량을 계속 댈 수도 없으니, 속히 군사를 파하소서.""하니, 상이 따랐다. 또 아뢰기를,""이제 장차 군사를 파하게 되었으니 마땅히 한 사람의 장수를 파견하여 가도(椵島)로 보내어 효유하기를 ‘유흥치(劉興治)가 진계성(陳繼盛) 등을 살해하자 제장(諸將)들이 모두들 말하기를 「장차 천조(天朝)를 배반하고 가서 등주(登州)를 침범하겠다.」고 하였고, 또 와언(訛言)이 흉흉하여 군사를 숨겨 가지고 와서 동쪽을 노략질하려 한다는 말이 있었다. 이 때문에 문죄(問罪)하기 위한 군사를 일으켜 변란에 대비하는 거사가 실제로 있게 되었다. 그러나 이제 사신이 돌아옴에 따라 손 각부(孫閣部)의 자문(咨文)과 유첩(諭帖)을 받게 되었는데, 거기에 의하면 기회를 보아 위무(慰撫)하겠으니 소란스럽게 만들지 말라는 등등의 말이 있었기 때문에 이제 우선 군사를 파하고서 소위를 살펴보기로 했다. 도중(島中)의 장관(長官)과 군민(軍民)은 의당 각기 천조(天朝)의 명령에 따라 이제부터는 경역(境域)을 벗어나서 노략질하지 말도록 하라.’고 하는 것이 온당할 것 같습니다. 이런 뜻으로 이서(李曙)·정충신(鄭忠信)에게 하유하소서.""하니, 상이 따랐다.",http://sillok.history.go.kr/id/kpa_10807023_002,"비변사의 건의에 따라 유흥치 구류, 왕덕공 소식 부재, 사졸 피로, 군량 문제 등으로 서정군을 파하고, 가도에 사신을 보내 당초 유흥치 사건으로 군사를 일으켰음을 설명하고 해산 사실을 알리며 더 이상 노략질하지 말 것을 당부하였다.",유흥치 (劉興治),정치
13,1681년 청 강희(康熙) 20년,조선왕조실록,"[음] 영소전 제사, 알성시 합격자의 복색, 청호의 재설치, 공정 대왕의 묘호 등에 관해 논의함
조선왕조실록","대신(大臣)과 비국(備局)의 제재(諸宰)를 인견(引見)하였다. 예조 판서(禮曹判書) 여성제(呂聖齊)가 말하기를,""지난날 성상께서 친히 영소전(永昭殿)에 임어(臨御)하셨을 때에 제사지내는 것을 한결같이 대제(大祭)처럼 하셨는데, 지금도 그와 같이 하신다면 처음 임어하실 때와는 다르고 하루에 두 번 제사지내는 것은 예(禮)에 번독(煩瀆)스러운 듯하니, 남별전(南別殿)에 전알(展謁)하는 예(例)에 의거하여 작헌례(酌獻禮)를 마련(磨鍊)하는 것이 어떻겠습니까?""하니, 임금이 좌의정(左議政) 민정중(閔鼎重)에게 하문(下問)하였다. 민정중이 말하기를,""과연 하루에 두 번 제사지내는 혐의가 있으니, 작헌례의 예(例)를 적용하는 것이 적당하겠습니다.""하고, 이조 판서(吏曹判書) 김석주(金錫胄)도 두 번씩 성대한 제사를 행할 수 없다고 하자, 임금이 그대로 따랐다. 여성제가 또 말하기를,""금번 알성시(謁聖試)의 문과(文科)·무과(武科) 방방(放榜)은 국상[國恤]의 소상(小祥) 전에 있으니, 새로 은혜를 입은 사람들의 복색(服色)을 비록 길복(吉服)으로 마련한다고 하더라도, 밖으로 나갈 적의 복색은 마땅히 조신(朝臣)과 같이 오사모(烏紗帽)와 오각대(烏角帶)를 하여야 하며, 옥색 단령(玉色團領)·사화(賜花) 1관(款)은 역시 거행하지 않는 것이 옳겠습니다.""하니, 임금이 그것을 옳게 여겼다. 병조 판서(兵曹判書) 이숙(李䎘)이 말하기를,""정초청(精抄廳)을 이미 청호(廳號)를 혁파하고 병조에 소속시켰는데, 본청(本廳)의 장사(將士)들이 늘 청호가 없다는 것으로 말을 합니다. 이것을 대체로 지난번의 사람들이 김석주(金錫胄)에게 병권(兵權)이 있는 것을 염려하여 혁파하도록 청하기에 이른 것입니다. 이제 다시 청호를 설치하는 것이 마땅하니, 민정중(閔鼎重)이 다른 대신에게 청문(請問)하도록 하여 그것을 처리하게 하소서.""하니, 임금이 그것을 옳게 여겼다. 교리(校理) 오도일(吳道一)이 말하기를,""옛날의 제왕(帝王)으로 당(唐)나라 이후로는 임금이 되어 나라를 다스리고서 묘호(廟號)가 없는 이가 없는데, 우리 공정 대왕(恭靖大王)의 묘호만을 빠뜨리고 거행하지 않았으니, 참으로 이보다 더 큰 잘못은 없습니다. 국가의 전례(典禮)가 아무리 미세(微細)한 데에 관계된다 하더라도 진실로 의리(義理)에 부족함이 있으면, 한때의 인심(人心)을 혐의스럽게 여기지 말고 뒷세상의 비난의 대상이 되는 의논을 끊어야 하는 것입니다. 더구나 이 묘호는 종묘(宗廟)을 위한 막대한 일인 데이겠습니까? 신덕 왕후(神德王后)를 부묘(祔廟)하는 예(禮)를 지난 선조(先朝)에 처음으로 결단하여 시행하시니, 융성한 덕(德)이 조종(祖宗)을 빛냈습니다. 원하건대 성상(聖上)께서도 스스로 신충(宸衷)으로 결단하셔서 대신에게 묻고 의논하시어 빨리 빠뜨려진 일을 거행하도록 하소서.""하니, 임금이 말하기를,""우리 조정의 열성(列聖)은 모두 묘호가 있는데 유독 공정 대왕만이 빠뜨려졌으니, 사체(事體)에 미안(未安)하다. 해조(該曹)로 하여금 대신에게 의논하도록 하라.""하였다.",http://sillok.history.go.kr/id/ksa_10707023_001,"대신과 비국(備局)의 재상들을 인견한 자리에서, 예조 판서 여성제는 영소전 제사를 간소화하고 알성시 급제자들의 복색을 국상에 맞춰 조정할 것을 건의하여 허락받았으며, 병조 판서 이숙은 정초청(精抄廳)의 청호(廳號)를 다시 설치할 것을 제안하여 승인되었고, 교리 오도일은 공정 대왕(恭靖大王)의 묘호(廟號)가 빠져 있음을 지적하며 조속히 제정하도록 요청하여 대신들과 논의하기로 결정되었다.",여성제,정치
14,1683년 청 강희(康熙) 22년,조선왕조실록,"[음] 경상도의 대동미를 12두로 감해 줌
조선왕조실록","대신(大臣)과 비국(備局)의 여러 신하를 인견(引見)하였다. 영돈녕(領敦寧) 민유중(閔維重)이 말하기를,""양호(兩湖)의 대동미(大同米)를 모두 12두(斗)로 정하였는데, 유독 영남(嶺南)만은 13두로 정하였습니다. 나라를 다스리는 것은 ‘쓰임을 절제하고 백성을 사랑하는 것’에 불과하니, 지금 비록 1두를 감하더라도 경비를 지탱할 수 있습니다.""하니, 임금이 허락하였다.",http://sillok.history.go.kr/id/ksa_10907023_002,"영돈녕 민유중이 대신들과의 인견에서 다른 지역보다 1두 높게 책정된 영남의 대동미를 12두로 감면해 줄 것을 건의했고, 임금이 이를 허락하였다.",민유중,경제
15,1695년 청 강희(康熙) 34년,조선왕조실록,"[음] 200결이 넘는 궁방전을 혁파할 것을 청함
조선왕조실록","대신(大臣)과 비국(備局)의 여러 재신(宰臣)을 인견(引見)하였다. 좌의정(左議政) 유상운(柳尙運)과 우의정(右議政) 신익상(申翼相)이 밖에 있는 원임(原任) 두 대신을 불러들여 국사(國事)를 함께 하기를 청하였으니, 이때에 남구만(南九萬)이 잠시 소분(掃墳)230) 으로써 말미를 받아 나가 있었기 때문에 그렇게 말한 것이다. 임금이 그대로 따랐다. 유상운이 말하기를,""유집일(兪集一)을 당초에 논죄(論罪)할 때에 다만 파직(罷職)하여 서용(敍用)하지 않기로 한 것은 장차 그 죄를 더하려 한 것입니다. 대관(臺官)의 소 안에, 그 기사(欺詐)를 제 마음대로 자행하였다고 말한 것은, 그 실상(實狀)은 반드시 그렇지는 않습니다. 다만 당초에 왜인(倭人)이 회답받기를 청하였을 때에 유집일이 엄사(嚴辭)로 준절(峻截)하게 물리치지 못하고 도리어 조정에 계청(啓請)하였으니 이미 준절함을 잃었으며, 하물며 회보(回報)를 기다리지 않고 경솔하게 앞질러 올라왔으니, 조가(朝家)에서 비록 답서(答書)를 만들어 준다고 한들 누구를 시켜 이를 전한단 말입니까? 신(臣)의 뜻은 이것으로써 바로 감죄(勘罪)하는 것이 좋을 듯합니다.""하고, 신익상의 말도 또한 그러하였으니, 임금이 명하여 삭직(削職)하였다. 유상운이 이어 궁가(宮家)의 절수(折受)의 일을 진달하여 말하기를,""궁(宮)마다 2백 결(結)을 절수하는 것이 곧 정식(定式)인데, 이제 정한(定限)을 넘는 것이 매우 많습니다. 만약 2백 결의 정한 이외의 것은 모두 혁파(革罷)하고, 조가(朝家)에서 미(米)·포(布)·은화(銀貨)를 양급(量給)하여 해궁(該宮)으로 하여금 스스로 장토(庄土)를 마련하여 모양을 이루게 한다면 좋겠습니다.""하고, 신익상도 또한 이를 찬성하고 또 말하기를,""2백 결을 주는 것은 반드시 실결(實結)로써 채워 주고, 이것 외에는 결코 절수를 허락하지 말아야 합니다.""하였다. 유상운이 말하기를,""장토를 아직 갖추기 전에는 연도(年度)를 한정(限定)하여 공부세(公賦稅)를 내려 준다면 공·사(公私)가 모두 편리하겠습니다.""하고, 형조 판서(刑曹判書) 민진장(閔鎭長)은 말하기를,""2백 결은 그 좋은 곳을 스스로 선택케 함이 좋습니다.""하였다. 유상운이 또 말하기를,""수진(壽進)·명례(明禮)·어의(於義)·용동(龍洞)은 사체(事體)가 다른 궁가의 일과 달라서 일찍이 별판부(別判付)가 있었으니, 이 네 궁가 및 명선(明善)·명혜(明惠)의 두 궁방(宮房)은 무진년231) 을 한계(限界)로 하여, 무진년 이전의 절수한 곳은 그대로 두고 이후의 절수는 모두 혁파하는 것이 좋을 듯합니다.""하니, 임금이 모두 그대로 따르고, 이어 말하기를,""이 뒤로는 영구히 절수하지 않는 것이 옳겠다.""하였다. 민진장이 말하기를,""신미년232) 사이에 호남(湖南) 사람 정무서(鄭武瑞) 등의 소를 인하여 고(故) 상신(相臣) 정철(鄭澈)의 관작(官爵)을 추삭(追削)하였는데, 상년(上年)의 겨울 사이에 호남의 유생(儒生) 박윤(朴碖) 등이 또 진소(陳疏)하여 정무서를 죄주기를 청하니, 비답 안에 정무서의 죄상을 해조(該曹)233) 로 하여금 품처(稟處)케 하라는 명이 있었습니다. 그런데 아직 회계(回啓)하지 않았으므로 신이 본조(本曹)에 대죄(待罪)한 뒤에 그 소를 취하여 보았는데, 기축 옥사(己丑獄事)234) 와 경신 옥사(庚申獄事)235) 의 두 옥사(獄事)가 수미(首尾)로 서로 관련되었으므로, 신은 이 혐의를 가지고 감히 회계치 못하였습니다. 대신에게 하순(下詢)하시어 처리하심이 어떻겠습니까?""하였다. 유상운은 말하기를,""그 소(疏)가 기축 옥사를 논하여 이어 경신 옥사에 미쳐서, 이것으로써 백유양(白惟讓)·이발(李潑)·이길(李洁) 등은 모두 복작(復爵)되고, 정철은 추삭에 이르렀으니, 이 사람은 죄주지 않을 수 없습니다.""하고, 신익상은 말하기를,""정철을 무함(誣陷)하여 추삭(追削)에 이르렀으니 이미 극히 근거가 없으며, 경신 옥사에 미친 데에 이르러서는 그 죄가 더욱 큽니다.""하였으며, 유상운이 말하기를,""한 옥사를 신구(伸救)함도 오히려 호역(護逆)이 되거든, 하물며 두 옥사를 모두 구(救)하려 했으니, 그 죄가 더욱 어떻다 하겠습니까?""하니, 임금이 말하기를,""정무서를 변방의 먼 곳에 정배(定配)하라.""하였다.",http://sillok.history.go.kr/id/ksa_12107023_001,"국왕이 대신 및 비국 재신들과 만나, 일본 외교 문제 처리 미숙을 이유로 유집일을 삭직하고, 궁가(宮家)의 토지 절수(折受)를 200결로 제한하는 등 제도 개혁을 단행했으며, 과거 정철을 무함하며 두 옥사를 거론한 정무서를 변방으로 정배하였다.",유상운,정치
16,1789년 청 건륭(乾隆) 54년,조선왕조실록,"[음] 증미의 폐단을 논의함
조선왕조실록","상이 증미(拯米)가 연해 백성들에게 폐단을 끼치는 것을 염려하여, 괘서곡(掛嶼穀)을 본색(本色) 그대로 상납(上納)하게 하는 것이 좋은지 나쁜지에 대해서 두 도의 감사로 하여금 품고(稟告)하게 하라고 명하였다. 충청 감사 권엄(權𧟓)이 장계하기를,""조세선(漕稅船)이 배 전체가 침몰되지 않고 혹 풀이나 암초에 걸렸을 경우에는 해당 지방관이 달려가서 감독하에 짐을 부려 가지고 본색을 그대로 바치게 하고, 짐을 실어보낸 지방관 이하를 논죄하는 조항은 폐기하며, 만약 다수가 침몰되어 이미 썩었을 경우에는 패선 증열미(敗船拯劣米)의 예에 따라 격식을 갖추어 시행하소서. 이렇게 구별하여 규칙으로 정하소서.""하니, 따랐다.",http://sillok.history.go.kr/id/kva_11307023_002,"상이 증미(拯米)의 폐단을 염려하여 괘서곡(掛嶼穀)의 처리 방안을 문의하자, 충청 감사 권엄(權𧟓)이 선박 및 곡물의 손상 정도에 따라 본색 상납 여부를 달리 적용하는 방안을 건의하여 시행되었다.",권엄,정치
17,1796년 청 가경(嘉慶) 1년,조선왕조실록,"[음] 《존주록》을 편집함
조선왕조실록","《존주록(尊周錄)》을 편집한 여러 신하들을 불러 보았다. 예조 판서 민종현에게 이르기를,""존주 문적에 추후에 넣어 기록할 사람들에 대하여 어떻게 처리하였는가?""하니, 부총관 이의준(李義駿)이 아뢰기를,""편집하여 다듬는 일은 신이 감히 할 바가 아니고 각신(閣臣) 및 예조 판서가 해야 하는 일이어서 신이 더 뽑아 둔 것을 아직까지 기록하지 못하였습니다.""하였다. 상이 이르기를,""좌승지 이서구(李書九)와 성대중(成大中)은 범례를 속히 완성하여 올리도록 하라.""하고, 또 이르기를,""이번에 증직한 윤형지(尹衡志)는 넣지 않을 수 없다. 윤황(尹煌)은 맨 먼저 척화(斥和)를 일컬어 특별히 영상에 증직하였는데 더구나 윤형지의 상소가 윤황의 일보다 앞에 있었는데임에랴. 태학생으로서 상소하여 척화를 주장하여 말 뜻이 늠름하였는데, 그후에 과거에 급제하여 승문원 정자로서 생을 마쳤다. 이것이 이 사람에게 특별히 추증을 시행한 까닭이다. 나는 이 사람이 삼학사에게 부끄러울 것이 없다고 생각한다.""하였다.",http://sillok.history.go.kr/id/kva_12007023_002,"국왕은 《존주록》 편집 진행 상황을 점검하며 추가 인물 등재 범례의 조속한 완성을 지시하고, 특히 윤형지가 과거 척화(斥和)를 주장한 공이 윤황보다 앞서고 삼학사에 버금간다고 평가하며 반드시 《존주록》에 포함시키도록 명령했다.",윤형지,정치
18,1817년 청 가경(嘉慶) 22년,조선왕조실록,"[음] 양양부의 공삼(貢蔘) 절반을 경공(京貢)으로 함
조선왕조실록","강원 감사 남이익(南履翼)이 상소하여 양양부(襄陽府) 공삼(貢蔘)의 폐단을 아뢰고, 이어 절반은 경공(京貢)으로 만들기를 청하니, 비답을 내려 윤허하였다.",http://sillok.history.go.kr/id/kwa_11707023_003,강원 감사 남이익이 양양부 공삼(貢蔘)의 폐단을 상소하며 절반을 경공(京貢)으로 만들 것을 청하여 윤허되었다.,남이익,경제
19,1821년 청 도광(道光) 1년,조선왕조실록,"[음] 회암사 부도와 비석을 파괴하고 아버지를 묻은 자를 죄주는 데 대한 법의 적용을 논의함
조선왕조실록","광주(廣州)의 유학(幼學) 이응준(李膺峻)이 양주(楊州)의 회암사(檜巖寺)부도(浮圖)116) 와 비석을 파괴하고 사리를 훔친 후 그곳에다가 자신의 아버지를 묻었다. 지공(指空)·나옹(懶翁)·무학(無學)117) 세 선사(禪師)의 부도(浮圖)와 사적비(事蹟碑)가 회암사 북쪽 산비탈에 있었는데, 무학의 비석은 곧 태종(太宗)의 분부를 받아 글을 지어 세운 것이다. 경기의 관찰사가 이 사실을 장계로 아뢰자, 형조에서 법의 적용 여부에 대해 대신들에게 물었다. 영의정 한용귀는 말하기를,""이응준은 매우 악한 범죄를 저질렀으므로 중죄에 처해야 합당하겠습니다만, 그 형량을 참고할 만한 법이 없으니, 그냥 그대로 심리를 해야 합니다. 만일 그가 사리를 훔친 짓에 대하여 논한다면 관(棺)을 열어 시신을 본 죄에 비길 만하고, 그 비석을 파괴한 죄에 대하여 논한다면 임금이 지은 글을 훼손한 죄에 해당되므로, 모두 사형(死刑)을 적용해야 할 것입니다. 어찌 그를 살려줄 수 있겠습니까? 옛날부터 그 죄가 사형에 관계되면 다만 그 법에 의하여 처단하였지 엇비슷한 다른 법을 적용한 사례가 없었습니다. 이 예를 한번 터놓으면 그 후환이 말할 수 없이 많을 것입니다. 구구한 저의 소견을 말씀드린다면 그에게는 특별히 사형을 감하여 엄중한 형장을 가하고 외딴섬으로 유배하되, 대사면령이 반포되기 전에는 용서하지 않는 것이 실로 공평한 의의에 부합될 것입니다.""하고, 좌의정 남공철과 우의정 임한호가 말하기를,""형조에서 그를 중죄에 처하든 살려주든간에 하나의 율을 정하는 것이 실로 사리에 맞는 일입니다. 이와 같은 죄안(罪案)에 관한 의논을 묘당(廟堂)에까지 의논하게 할 수 있겠습니까? ‘법관이 처리해야 한다.’는 의의로 볼 때 이와 같이 처리해서는 안 됩니다. 해당 당상관을 먼저 추고(推考)하소서.""하니, 하교하기를,""국가의 큰일 중에서 사형보다 더 중한 것은 없다. 그러므로 형관(刑官)이 의심난 일이 있으면 대신들에게 묻기를 청하고, 임금이 의심난 일이 있으면 대신들에게 물어보는 것이다. 이는 살리고 죽이는 권한이 오직 임금과 대신들에게 있기 때문이니, 고금에 공통된 의의이다. 그런데 이번에 좌상과 우상은 가부를 논하지 않고 대신에게 물어보라고 한 형관을 질책하였으니, 그 이유를 알 수 없다. 그렇다면 죄수를 관대하게 처결하거나 복계(覆啓)할 때에 대신들이 꼭 참여할 필요가 뭐가 있겠는가? 또한 죄수를 죽이든 살리든간에 말 한마디도 하지 않을 셈인가? 이유 여하를 막론하고 영상은 이미 자기의 의견을 말하였으니, 영상 이외에 좌상과 우상에게는 다시 한 가지를 지적하여 의논을 거두어 오도록 하라.""하였다.",http://sillok.history.go.kr/id/kwa_12107023_001,"광주 이응준이 양주 회암사의 부도와 비석을 파괴하고 사리를 훔쳐 자신의 아버지를 매장한 중죄에 대해, 영의정 한용귀는 사형에 준하는 엄벌을 주장했으나 좌우의정은 대신들이 아닌 형관이 처리할 일이라며 논의 자체를 비판했고, 이에 왕은 사형과 같은 중대사는 대신들이 반드시 논의해야 함을 강조하며 재논의를 지시했다.",이응준,정치
20,1894년 07월23일(음) ,근대사 연표,"[음] 내정 개혁. 통리 교섭 통상 사무 아문을 외무 대신이라 하고,외무 협판 아래 각 국을 설치
근대사 연표","내정개혁에 의해 통리교섭통상사무아문은 외무대신이라 하고,외무협판 아래 각국을 설치.",http://db.history.go.kr/id/tcmd_1894_07_23_0010,"내정개혁을 통해 통리교섭통상사무아문은 외무대신 체제로 개편되었고, 외무협판 아래 여러 부서(각국)가 신설되었다.",외무대신 (外務大臣),정치
21,1895년 07월23일(음) ,근대사 연표,"학부, 〈한성 사범 학교와 부속 소학교 규칙〉 공포
근대사 연표","학부, 漢城師範學校와 附屬小學校규칙 공포(24개조).",http://db.history.go.kr/id/tcmd_1895_07_23_0020,학부에서 漢城師範學校와 附屬小學校의 24개조 규칙을 공포했다.,이완용,사회
22,1860년 02월 미상 기사,근대사 연표,"대한 적십자사, 일본 적십자사에 합병
근대사 연표",幸行時의 服色을 군복으로 정함.,http://db.history.go.kr/id/tcmd_1909_07_23_0020,"**행차 시에는 군복을 입도록 규정되었다.**

또는

**왕의 행행 시 복장은 군복으로 정해졌다.**",왕 (임금),정치
23,1860년 02월 미상 기사,근대사 연표,"제3대 통감 데라우찌, 한국에 부임
근대사 연표",幸行時의 服色을 군복으로 정함.,http://db.history.go.kr/id/tcmd_1910_07_23_0010,행차 시 복색을 군복으로 정함.,"국왕 (혹은 황제, 임금)",정치
24,1931년 07월 23일 ,근대사 연표,"아동 문학가 방정환(1899~1931) 사망
근대사 연표",方定煥(33세) 사망.,http://db.history.go.kr/id/tcmd_1931_07_23_0050,**방정환 씨(33세)가 사망했습니다.**,방정환,사회
25,1860년 02월 미상 기사,근대사 연표,"조선총독부, 전국의 교원·관공리에 제복 착용 지시
근대사 연표",幸行時의 服色을 군복으로 정함.,http://db.history.go.kr/id/tcmd_1938_07_23_0030,"""행차 시 복색(복장)을 군복으로 정함.""

또는 조금 더 풀어서:
""임금의 행차 시 복장을 군복으로 규정함.""",고종,사회
26,1948년 07월 23일 ,대한민국사 연표,"북한, 인공기 제정·태극기 폐지
대한민국사 연표","북한, 소위 新國旗 제정과 太極旗 폐지에 관하여 발표.",http://db.history.go.kr/id/tcct_1948_07_23_0010,북한은 태극기 폐지와 새로운 국기 제정을 발표했습니다.,김일성,**정치**
27,1954년 07월 23일 ,대한민국사 연표,"한글 간소화 강행, 기안·정부 공문서에 한글 전용 지시
대한민국사 연표","정부, 한글간소화 강행, 문교부서 법률개정 기안·정부 공문서에 한글전용 지시",http://db.history.go.kr/id/tcct_1954_07_23_0010,정부는 한글 간소화를 강행하고자 문교부의 법률 개정 기안과 정부 공문서의 한글 전용을 지시했습니다.,문교부 장관 최만학,정치
28,1955년 07월 23일 ,대한민국사 연표,"여대생 간음 관련 박인수 사건 공판, 법은 순수한 정조만 보호한다고 판시
대한민국사 연표","서울중앙지방법원, 박인수사건 공판에서 법은 순수한 정조만 보호한다고 판시",http://db.history.go.kr/id/tcct_1955_07_23_0010,"서울중앙지방법원은 박인수 사건 공판에서 ""**법은 순수한 정조만을 보호한다**""고 판시했습니다.",박인수,문화
29,1963년 07월 23일 ,대한민국사 연표,"재야 3당 투쟁 위원회, 4대 의혹 사건 공동 조사 결과 발표 및 정부 비난
대한민국사 연표","재야 3당 투쟁위원회, 4대 의혹사건 공동조사 결과 발표 및 정부 비난",http://db.history.go.kr/id/tcct_1963_07_23_0010,재야 3당 투쟁위원회는 4대 의혹사건 공동조사 결과를 발표하며 정부를 비난했습니다.,김대중,정치
30,1971년 07월 23일 ,대한민국사 연표,"서울 지방 검찰청, 교련 반대 시위 주동 고려대생 3명에 실형 구형
대한민국사 연표","서울지방검찰청, 교련반대 시위 주동 고려대생 3명에 실형 구형",http://db.history.go.kr/id/tcct_1971_07_23_0030,**서울지방검찰청이 교련반대 시위를 주도한 고려대생 3명에게 실형을 구형했습니다.**,이철,사회
31,1974년 07월 23일 ,대한민국사 연표,"지학순 주교, 유신 헌법·긴급 조치 비판의 〈양심 선언〉 발표
대한민국사 연표","지학순 주교, 유신헌법과 긴급조치를 비판하는 ＜양심선언＞ 발표",http://db.history.go.kr/id/tcct_1974_07_23_0050,지학순 주교는 **＜양심선언＞을 발표하며 유신헌법과 긴급조치를 정면으로 비판했습니다.**,**지학순**,정치
32,1978년 07월 23일 ,대한민국사 연표,"들불 야학 결성
대한민국사 연표",들불야학 결성,http://db.history.go.kr/id/tcct_1978_07_23_0040,"들불야학은 1980년 광주 민주화운동 시기, 억압받는 사람들에게 민주 의식과 자주적 삶의 역량을 키워주기 위해 결성되었습니다.",박기순,사회
33,1981년 07월 23일 ,대한민국사 연표,"이태복 등 30여 명, 전국 민주 학생 연맹·전국 민주 노동 연맹 사건으로 구속
대한민국사 연표","이태복 등 30여 명, 전국민주학생연맹·전국민주노동연맹사건 구속",http://db.history.go.kr/id/tcct_1981_07_23_0010,이태복 등 30여 명이 전국민주학생연맹 및 전국민주노동연맹 관련 사건으로 구속되었습니다.,이태복,사회
34,1992년 07월 23일 ,대한민국사 연표,"민주당, 경부 고속 전철 등 6개 사업의 정치 자금 조성 관련, 사업 중단 요구
대한민국사 연표","민주당, 대통령 임기말 강행 중인 경부고속전철 등 6개 사업이 정치자금조성과 관련된다며 사업중단 주장",http://db.history.go.kr/id/tcct_1992_07_23_0030,민주당은 대통령 임기말 강행 중인 경부고속전철 등 6개 사업이 정치자금 조성과 관련되었다며 사업 중단을 요구했다.,김대중,정치
35,1995년 07월 23일 ,대한민국사 연표,"씨 프린스호, 전남 여천군 해상에서 좌초. 최악의 해양 오염 사고 발생
대한민국사 연표","씨 프린스호, 전남 여천군 해상에서 좌초해 최악의 해양오염사고 발생",http://db.history.go.kr/id/tcct_1995_07_23_0010,**씨 프린스호 좌초로 최악의 해양오염사고가 발생했습니다.**,유공해운,경제
36,1997년 07월 23일 ,대한민국사 연표,"검찰, 음화 제조 혐의로 『천국의 신화』 만화가 이현세 소환 조사
대한민국사 연표","검찰, 음화제조혐의로 『천국의 신화』 만화가 이현세 소환 조사",http://db.history.go.kr/id/tcct_1997_07_23_0020,검찰이 『천국의 신화』 만화가 이현세를 음화제조 혐의로 소환 조사했다.,이현세,문화
37,2004년 07월 23일 ,대한민국사 연표,"최종영 대법원장, 노무현 대통령에 첫 여성 대법관 김영란 판사 임명 제청
대한민국사 연표","최종영 대법원장, 노무현 대통령에 첫 여성 대법관 김영란 판사 임명 제청",http://db.history.go.kr/id/tcct_2004_07_23_0010,최종영 대법원장이 노무현 대통령에게 첫 여성 대법관으로 김영란 판사 임명을 제청했습니다.,최종영,사회
38,2005년 07월 23일 ,대한민국사 연표,"민주 언론 운동 시민 연합, 정치 자금의 전달을 중개한 홍석현 주미 대사 사퇴 촉구
대한민국사 연표","민주언론운동시민연합, 정치자금 삼성 전달 중개한 홍석현 주미대사 사퇴 촉구",http://db.history.go.kr/id/tcct_2005_07_23_0010,민주언론운동시민연합은 삼성의 정치자금 전달을 중개한 홍석현 주미대사의 사퇴를 촉구했습니다.,홍석현,정치
39,2007년 07월 23일 ,대한민국사 연표,"경기도 하남시 주민들, 처음으로 하남시장 주민 소환 투표 청구
대한민국사 연표","경기도 하남시 주민들, 전국에서 처음으로 하남시장 주민소환투표 청구",http://db.history.go.kr/id/tcct_2007_07_23_0030,경기도 하남시 주민들이 전국에서 처음으로 하남시장에 대한 주민소환투표를 청구했습니다.,이현재,정치
